2025-11-26_13-33-53,---,draft.py:2025-11-26_13-33-53
2025-11-28_10-51-52,---,draft.py:2025-11-28_10-51-52
2025-11-28_10-52-13,0,draft.py:2025-11-28_10-51-52
2025-11-28_10-53-05,0,draft.py:2025-11-28_10-53-05
2025-11-28_10-55-28,0,draft.py:2025-11-28_10-55-28
2025-11-28_10-58-03,0,draft.py:2025-11-28_10-58-03
2025-11-28_10-58-07,---,draft.py:2025-11-28_10-58-03
2025-11-28_11-09-26,0,draft.py:2025-11-28_10-58-03
2025-11-28_11-30-50,0,draft.py:2025-11-28_11-30-50
2025-11-28_14-27-49,0,draft.py:2025-11-28_14-27-49
2025-11-28_14-27-49,0,draft.py:2025-11-28_14-27-49
2025-11-28_14-27-49,0,draft.py:2025-11-28_14-27-49
2025-11-28_14-27-49,0,draft.py:2025-11-28_14-27-49
2025-11-28_14-27-50,0,draft.py:2025-11-28_14-27-50
2025-11-28_14-27-50,0,draft.py:2025-11-28_14-27-50
2025-11-28_14-27-50,0,draft.py:2025-11-28_14-27-50
2025-11-28_14-27-50,0,draft.py:2025-11-28_14-27-50
2025-11-29_11-38-31,---,draft.py:2025-11-29_11-38-31
2025-11-29_11-38-34,0,draft.py:2025-11-29_11-38-31
2025-11-29_11-42-01,0,draft.py:2025-11-29_11-42-01
2025-11-29_11-42-41,0,draft.py:2025-11-29_11-42-01
2025-11-29_13-48-13,0,draft.py:2025-11-29_13-48-13
2025-11-29_13-50-12,0,draft.py:2025-11-29_13-50-12
2025-11-29_13-50-12,0,draft.py:2025-11-29_13-50-12
2025-11-29_13-51-28,0,draft.py:2025-11-29_13-51-28
2025-11-29_14-05-41,0,draft.py:2025-11-29_14-05-41
2025-11-29_14-06-01,0,draft.py:2025-11-29_14-05-41
2025-11-29_14-27-17,0,draft.py:2025-11-29_14-27-17
2025-11-29_14-27-38,0,draft.py:2025-11-29_14-27-17
2025-11-29_14-39-38,0,draft.py:2025-11-29_14-39-38
2025-11-29_14-47-26,0,draft.py:2025-11-29_14-47-26
2025-11-29_14-48-43,---,draft.py:2025-11-29_14-48-43
